{
    "accuracy": -8.767753838198734,
    "loss": 9.767753838198734,
    "step": 8
}
