step	accuracy
0	-9.374582641585683
1	-8.967850866364104
2	-9.04962491864444
3	-8.784198641704677
4	-8.754738158448733
5	-8.850235839139957
6	-8.845776182741899
7	-8.804786303682627
8	-8.767753838198734
