step	loss
0	10.374582641585683
1	9.967850866364104
2	10.04962491864444
3	9.784198641704677
4	9.754738158448733
5	9.850235839139957
6	9.845776182741899
7	9.804786303682627
8	9.767753838198734
